postcode,Socio-economic Advantage and Disadvantage Score,Economic Resources Score,Education Score,,,
800,1096,946,1089,,,
810,1052,1014,1045,,,
812,1020,1013,997,,,
815,1096,1075,1096,,,
820,1094,1011,1085,,,
822,754,658,880,,,
828,979,942,993,,,
829,983,984,918,,,
830,997,990,967,,,
832,1075,1060,1006,,,
834,1052,1087,998,,,
835,1070,1120,1000,,,
836,1055,1114,969,,,
837,989,1043,926,,,
838,1035,1067,987,,,
839,965,917,907,,,
840,872,919,880,,,
841,968,1036,919,,,
845,875,826,970,,,
846,844,865,860,,,
847,830,777,900,,,
850,975,940,1010,,,
852,733,649,870,,,
853,1081,1013,1045,,,
854,784,651,894,,,
860,891,828,969,,,
862,789,735,821,,,
870,1024,988,1036,,,
872,690,584,841,,,
873,913,913,942,,,
874,1110,1001,1129,,,
875,977,943,1005,,,
880,934,818,997,,,
885,1076,990,1077,,,
886,1010,921,1037,,,
2000,1065,804,1128,,,
2007,1033,737,1125,,,
2008,1085,784,1175,,,
2009,1113,919,1148,,,
2010,1116,905,1158,,,
2011,1104,886,1162,,,
2015,1148,996,1163,,,
2016,1063,890,1105,,,
2017,1069,853,1138,,,
2018,1022,945,1038,,,
2019,1068,1036,1045,,,
2020,1073,968,1067,,,
2021,1161,1016,1189,,,
2022,1126,990,1154,,,
2023,1171,1084,1186,,,
2024,1146,1048,1163,,,
2025,1163,1052,1194,,,
2026,1140,989,1161,,,
2027,1162,1022,1198,,,
2028,1160,1015,1195,,,
2029,1147,1043,1169,,,
2030,1167,1120,1180,,,
2031,1137,1007,1158,,,
2032,1044,870,1105,,,
2033,1106,946,1144,,,
2034,1124,994,1146,,,
2035,1076,997,1096,,,
2036,1035,1001,1032,,,
2037,1084,906,1149,,,
2038,1145,1029,1173,,,
2039,1171,1071,1188,,,
2040,1121,1032,1147,,,
2041,1154,1046,1188,,,
2042,1123,953,1161,,,
2043,1157,994,1181,,,
2044,1077,1010,1083,,,
2045,1103,1078,1107,,,
2046,1100,1040,1106,,,
2047,1137,1044,1151,,,
2048,1128,1000,1160,,,
2049,1102,985,1131,,,
2050,1140,921,1206,,,
2052,1081,899,1151,,,
2060,1159,982,1201,,,
2061,1152,959,1204,,,
2062,1159,1040,1191,,,
2063,1181,1139,1183,,,
2064,1123,993,1156,,,
2065,1163,1023,1190,,,
2066,1150,1072,1167,,,
2067,1105,971,1142,,,
2068,1154,1109,1156,,,
2069,1170,1130,1174,,,
2070,1163,1115,1172,,,
2071,1156,1109,1169,,,
2072,1146,1076,1168,,,
2073,1178,1152,1175,,,
2074,1164,1134,1167,,,
2075,1170,1150,1166,,,
2076,1152,1128,1154,,,
2077,1080,1012,1101,,,
2079,1111,1124,1091,,,
2080,1097,1107,1082,,,
2081,1123,1134,1090,,,
2082,1107,1119,1088,,,
2083,1057,1042,1070,,,
2084,1129,1155,1091,,,
2085,1134,1149,1109,,,
2086,1145,1152,1117,,,
2087,1130,1123,1120,,,
2088,1165,1076,1188,,,
2089,1155,998,1190,,,
2090,1160,1031,1191,,,
2092,1179,1164,1168,,,
2093,1145,1104,1144,,,
2094,1160,1071,1172,,,
2095,1147,1007,1175,,,
2096,1145,1076,1146,,,
2097,1120,1117,1090,,,
2099,1069,1037,1063,,,
2100,1109,1111,1084,,,
2101,1093,1080,1079,,,
2102,1123,1124,1097,,,
2103,1101,1090,1084,,,
2104,1119,1102,1124,,,
2105,1131,1110,1144,,,
2106,1120,1105,1118,,,
2107,1136,1141,1127,,,
2108,1132,1089,1166,,,
2109,1091,851,1165,,,
2110,1151,1110,1161,,,
2111,1114,1053,1130,,,
2112,1086,1025,1096,,,
2113,1099,1027,1113,,,
2114,1083,1004,1101,,,
2115,1030,1006,1038,,,
2116,1022,980,1036,,,
2117,1041,1006,1058,,,
2118,1086,1047,1097,,,
2119,1164,1145,1161,,,
2120,1131,1107,1133,,,
2121,1120,1045,1139,,,
2122,1077,987,1113,,,
2125,1159,1155,1143,,,
2126,1145,1133,1133,,,
2127,1129,1015,1147,,,
2128,1023,968,1027,,,
2130,1095,974,1137,,,
2131,1038,923,1077,,,
2132,1065,1017,1077,,,
2133,1043,1019,1047,,,
2134,1034,877,1075,,,
2135,1078,975,1100,,,
2136,1056,1015,1057,,,
2137,1102,1046,1104,,,
2138,1112,972,1144,,,
2140,1047,922,1073,,,
2141,989,952,992,,,
2142,941,898,963,,,
2143,958,951,965,,,
2144,909,877,916,,,
2145,1027,992,1023,,,
2146,1026,1010,1011,,,
2147,1004,1004,993,,,
2148,973,973,959,,,
2150,1034,877,1073,,,
2151,1061,1001,1083,,,
2152,1061,1016,1077,,,
2153,1115,1105,1097,,,
2154,1127,1112,1117,,,
2155,1144,1167,1093,,,
2156,1135,1160,1101,,,
2157,1080,1132,1041,,,
2158,1115,1133,1094,,,
2159,1106,1137,1077,,,
2160,937,926,949,,,
2161,907,919,922,,,
2162,913,927,921,,,
2163,817,831,851,,,
2164,922,966,904,,,
2165,866,904,868,,,
2166,846,888,841,,,
2167,1017,1008,1008,,,
2168,885,943,873,,,
2170,953,974,949,,,
2171,1050,1112,997,,,
2172,1146,1176,1093,,,
2173,1082,1078,1046,,,
2174,1103,1146,1037,,,
2175,1012,1087,953,,,
2176,964,1023,929,,,
2177,913,982,886,,,
2178,1021,1095,960,,,
2179,999,1042,953,,,
2190,939,958,954,,,
2191,1011,1007,1010,,,
2192,940,926,948,,,
2193,1045,1008,1050,,,
2194,952,896,975,,,
2195,890,863,918,,,
2196,939,953,941,,,
2197,936,965,934,,,
2198,1006,1039,978,,,
2199,928,943,931,,,
2200,926,922,949,,,
2203,1072,973,1101,,,
2204,1050,962,1074,,,
2205,1042,943,1049,,,
2206,1047,1045,1035,,,
2207,1023,1011,1023,,,
2208,1025,1012,1018,,,
2209,1004,979,1011,,,
2210,1001,988,1008,,,
2211,1018,1012,1003,,,
2212,1006,1001,998,,,
2213,1037,1040,1018,,,
2214,1047,1080,988,,,
2216,1012,951,1019,,,
2217,1036,974,1045,,,
2218,1015,961,1028,,,
2219,1041,1016,1041,,,
2220,1018,932,1042,,,
2221,1082,1075,1074,,,
2222,1029,982,1036,,,
2223,1082,1048,1079,,,
2224,1075,1074,1056,,,
2225,1141,1153,1113,,,
2226,1102,1094,1091,,,
2227,1096,1090,1068,,,
2228,1051,1030,1038,,,
2229,1088,1076,1072,,,
2230,1096,1056,1092,,,
2231,1034,1084,976,,,
2232,1076,1061,1067,,,
2233,1082,1106,1040,,,
2234,1108,1139,1065,,,
2250,998,1005,1004,,,
2251,1028,1050,1023,,,
2256,950,948,965,,,
2257,966,978,969,,,
2258,1031,1052,1020,,,
2259,957,1009,933,,,
2260,1077,1081,1074,,,
2261,959,986,953,,,
2262,906,969,883,,,
2263,893,936,895,,,
2264,960,994,957,,,
2265,1001,1013,1013,,,
2267,982,999,990,,,
2278,954,1041,880,,,
2280,992,1014,975,,,
2281,963,996,945,,,
2282,1038,1047,1026,,,
2283,958,987,953,,,
2284,934,964,929,,,
2285,983,1020,953,,,
2286,934,1000,893,,,
2287,980,995,974,,,
2289,1041,1025,1047,,,
2290,998,1008,995,,,
2291,1089,1040,1112,,,
2292,980,931,1015,,,
2293,1037,954,1088,,,
2294,995,928,1039,,,
2295,969,991,964,,,
2296,995,909,1063,,,
2297,986,940,1051,,,
2298,964,914,1000,,,
2299,954,904,1002,,,
2300,1069,950,1128,,,
2302,1010,877,1081,,,
2303,1000,945,1040,,,
2304,952,919,990,,,
2305,1042,1014,1063,,,
2306,698,726,759,,,
2307,921,914,933,,,
2311,946,1008,953,,,
2312,909,1000,885,,,
2315,980,994,983,,,
2316,971,1016,954,,,
2317,965,987,956,,,
2318,1010,1063,964,,,
2319,914,968,892,,,
2320,971,1014,941,,,
2321,995,1048,956,,,
2322,941,1002,898,,,
2323,961,984,954,,,
2324,915,965,898,,,
2325,894,953,880,,,
2326,872,958,836,,,
2327,866,925,840,,,
2328,936,1000,896,,,
2329,917,968,916,,,
2330,965,1014,912,,,
2331,1033,1079,997,,,
2333,912,957,880,,,
2334,922,1003,859,,,
2335,994,1055,944,,,
2336,943,1008,885,,,
2337,980,1020,949,,,
2338,921,960,936,,,
2339,962,1026,954,,,
2340,951,978,948,,,
2341,813,890,817,,,
2342,990,1040,991,,,
2343,923,964,928,,,
2344,1013,1070,996,,,
2345,962,1048,926,,,
2346,886,944,901,,,
2347,899,938,933,,,
2350,990,961,1034,,,
2352,948,1011,926,,,
2353,942,1004,923,,,
2354,973,1004,997,,,
2355,927,978,940,,,
2356,829,887,883,,,
2357,910,940,949,,,
2358,947,978,966,,,
2359,894,955,921,,,
2360,905,946,919,,,
2361,869,934,915,,,
2365,946,992,951,,,
2369,833,909,856,,,
2370,910,942,936,,,
2371,894,940,932,,,
2372,910,949,931,,,
2379,1017,1037,1054,,,
2380,943,986,924,,,
2381,929,988,927,,,
2382,909,968,902,,,
2386,992,1017,1000,,,
2387,993,1001,1022,,,
2388,920,953,934,,,
2390,950,984,937,,,
2395,854,917,914,,,
2396,873,911,919,,,
2397,982,1003,1001,,,
2398,1002,1033,1014,,,
2399,959,1019,957,,,
2400,925,943,933,,,
2401,997,1042,1005,,,
2402,908,959,926,,,
2403,922,1003,961,,,
2404,910,947,946,,,
2405,1007,1040,1023,,,
2406,938,949,963,,,
2408,1022,1032,1030,,,
2409,767,796,856,,,
2410,937,963,960,,,
2411,1027,1030,1023,,,
2415,963,1005,957,,,
2420,942,988,946,,,
2421,1036,1089,998,,,
2422,923,965,937,,,
2423,897,965,916,,,
2424,866,928,890,,,
2425,945,1008,931,,,
2426,888,944,893,,,
2427,911,965,904,,,
2428,908,947,919,,,
2429,906,962,913,,,
2430,906,945,918,,,
2431,918,965,914,,,
2439,953,1018,936,,,
2440,865,925,883,,,
2441,928,986,937,,,
2443,899,944,904,,,
2444,969,978,984,,,
2445,992,1034,987,,,
2446,938,999,926,,,
2447,919,968,920,,,
2448,888,919,922,,,
2449,858,919,909,,,
2450,961,978,969,,,
2452,925,948,931,,,
2453,932,972,960,,,
2454,973,984,1023,,,
2455,919,944,934,,,
2456,957,988,958,,,
2460,897,945,906,,,
2462,891,949,898,,,
2463,927,982,925,,,
2464,951,964,976,,,
2465,920,953,926,,,
2466,863,915,881,,,
2469,883,951,920,,,
2470,876,944,859,,,
2471,905,979,907,,,
2472,907,970,908,,,
2473,916,929,945,,,
2474,905,945,937,,,
2475,848,918,936,,,
2476,905,955,937,,,
2477,989,1008,1000,,,
2478,984,991,995,,,
2479,1053,1056,1087,,,
2480,945,959,970,,,
2481,1030,1003,1066,,,
2482,966,971,1022,,,
2483,966,976,1008,,,
2484,941,978,960,,,
2485,916,926,930,,,
2486,951,991,940,,,
2487,1008,1015,1014,,,
2488,968,987,972,,,
2489,992,1023,988,,,
2490,994,1035,989,,,
2500,1008,917,1061,,,
2502,853,895,853,,,
2505,897,921,886,,,
2506,881,921,874,,,
2508,1081,1107,1052,,,
2515,1103,1083,1115,,,
2516,1064,1062,1074,,,
2517,1021,1018,1031,,,
2518,956,948,976,,,
2519,1005,987,1023,,,
2522,1049,926,1099,,,
2525,1040,1051,1035,,,
2526,1005,1027,991,,,
2527,967,1026,925,,,
2528,889,927,880,,,
2529,1008,1048,969,,,
2530,963,1010,928,,,
2533,1053,1055,1058,,,
2534,1063,1063,1076,,,
2535,1022,1035,1042,,,
2536,927,966,929,,,
2537,959,983,973,,,
2538,1005,1035,1010,,,
2539,937,980,939,,,
2540,952,997,947,,,
2541,899,930,922,,,
2545,932,975,949,,,
2546,933,963,962,,,
2548,971,985,977,,,
2549,968,1007,968,,,
2550,952,989,961,,,
2551,889,928,892,,,
2555,938,1001,930,,,
2556,1001,1082,938,,,
2557,1062,1122,996,,,
2558,972,1028,932,,,
2559,671,693,752,,,
2560,946,979,929,,,
2563,975,1000,928,,,
2564,888,912,888,,,
2565,993,1004,972,,,
2566,963,1004,934,,,
2567,1051,1106,994,,,
2568,1073,1100,1031,,,
2569,1055,1112,1007,,,
2570,1060,1104,1013,,,
2571,1057,1117,1006,,,
2572,1007,1063,965,,,
2573,947,1007,916,,,
2574,994,1069,946,,,
2575,1001,1045,989,,,
2576,1065,1059,1086,,,
2577,1007,1038,1008,,,
2578,1018,1030,1046,,,
2579,988,1041,982,,,
2580,949,981,949,,,
2581,1032,1071,1032,,,
2582,1051,1082,1043,,,
2583,967,1015,977,,,
2584,974,1020,1018,,,
2585,978,978,1021,,,
2586,955,995,973,,,
2587,928,974,945,,,
2588,994,1015,1053,,,
2590,921,961,927,,,
2594,926,965,924,,,
2600,1157,1073,1188,,,
2601,1160,935,1234,,,
2602,1091,993,1149,,,
2603,1139,1053,1172,,,
2604,1117,996,1171,,,
2605,1127,1071,1155,,,
2606,1077,986,1122,,,
2607,1107,1061,1133,,,
2609,902,898,910,,,
2611,1107,1074,1132,,,
2612,1120,958,1183,,,
2614,1085,1029,1124,,,
2615,1051,1040,1063,,,
2617,1083,1011,1111,,,
2618,1121,1142,1095,,,
2619,1146,1149,1119,,,
2620,1034,1031,1025,,,
2621,1121,1145,1096,,,
2622,1002,1022,1031,,,
2623,980,990,969,,,
2625,1064,978,1099,,,
2626,1030,1082,1020,,,
2627,1034,1029,1026,,,
2628,980,1015,989,,,
2629,973,1005,1000,,,
2630,962,982,968,,,
2631,959,999,979,,,
2632,938,979,934,,,
2633,902,952,935,,,
2640,987,982,998,,,
2641,882,911,875,,,
2642,1001,1049,994,,,
2643,940,987,910,,,
2644,953,992,980,,,
2645,910,971,927,,,
2646,935,970,922,,,
2647,947,983,939,,,
2648,909,947,923,,,
2649,985,1045,1002,,,
2650,977,988,978,,,
2651,958,979,940,,,
2652,979,1039,968,,,
2653,928,985,919,,,
2655,971,1026,962,,,
2656,955,991,981,,,
2658,933,972,964,,,
2659,950,1001,930,,,
2660,936,980,956,,,
2661,1100,1057,1076,,,
2663,901,960,880,,,
2665,964,1009,993,,,
2666,941,985,940,,,
2668,899,981,936,,,
2669,984,1036,1006,,,
2671,952,996,936,,,
2672,917,941,938,,,
2675,951,972,936,,,
2680,942,975,917,,,
2681,958,1003,919,,,
2700,907,946,914,,,
2701,974,1028,981,,,
2702,930,975,910,,,
2703,917,941,917,,,
2705,936,978,916,,,
2706,888,933,887,,,
2707,979,995,995,,,
2710,937,967,944,,,
2711,933,970,933,,,
2712,926,961,929,,,
2713,934,967,950,,,
2714,936,970,944,,,
2715,915,953,909,,,
2716,951,975,963,,,
2717,884,928,899,,,
2720,934,972,927,,,
2721,1004,1057,1054,,,
2722,925,979,911,,,
2725,917,998,948,,,
2726,999,1057,1002,,,
2727,1008,1054,988,,,
2729,957,1009,943,,,
2730,897,943,893,,,
2731,984,1011,976,,,
2732,949,974,969,,,
2733,928,965,941,,,
2734,1049,1066,1035,,,
2735,945,1002,928,,,
2736,982,1003,1005,,,
2737,951,998,931,,,
2738,1019,1044,1013,,,
2739,962,988,966,,,
2745,1065,1111,1007,,,
2747,979,1008,941,,,
2748,1049,1108,984,,,
2749,999,1046,953,,,
2750,982,992,965,,,
2752,1019,1106,940,,,
2753,998,1037,968,,,
2754,1001,1035,980,,,
2755,991,954,1030,,,
2756,1006,1057,961,,,
2757,1047,1097,1012,,,
2758,1078,1133,1039,,,
2759,1006,1061,938,,,
2760,924,952,897,,,
2761,1001,1040,956,,,
2762,1059,1089,1011,,,
2763,1051,1062,1019,,,
2765,1004,1048,957,,,
2766,984,1016,942,,,
2767,985,1008,961,,,
2768,1117,1137,1071,,,
2769,1168,1194,1109,,,
2770,851,886,850,,,
2773,1112,1103,1121,,,
2774,1074,1080,1076,,,
2775,973,1013,982,,,
2776,1062,1070,1069,,,
2777,1062,1068,1070,,,
2778,1051,1067,1074,,,
2779,1023,1027,1058,,,
2780,988,958,1059,,,
2782,1032,1020,1068,,,
2783,1001,1002,1029,,,
2784,1035,1042,1059,,,
2785,1003,990,1068,,,
2786,971,975,1024,,,
2787,940,997,920,,,
2790,908,947,898,,,
2791,960,1028,951,,,
2792,982,1029,979,,,
2793,900,984,914,,,
2794,905,950,909,,,
2795,974,995,978,,,
2797,933,1002,916,,,
2798,1058,1085,1057,,,
2799,929,979,909,,,
2800,979,996,979,,,
2803,980,1035,995,,,
2804,942,982,966,,,
2805,917,999,911,,,
2806,933,998,932,,,
2807,855,929,857,,,
2808,922,985,935,,,
2809,997,1028,1057,,,
2810,941,988,963,,,
2817,1006,1066,1031,,,
2818,987,1039,975,,,
2820,894,930,925,,,
2821,925,966,931,,,
2822,962,1030,974,,,
2823,933,956,961,,,
2824,919,944,941,,,
2825,932,954,938,,,
2826,1062,1086,1081,,,
2827,890,940,913,,,
2828,898,939,938,,,
2829,884,914,926,,,
2830,962,990,958,,,
2831,984,1043,991,,,
2832,870,862,949,,,
2833,843,837,927,,,
2834,817,836,894,,,
2835,953,980,923,,,
2836,827,809,952,,,
2838,792,742,899,,,
2839,819,766,949,,,
2840,933,925,993,,,
2842,886,956,931,,,
2843,946,980,958,,,
2844,929,957,956,,,
2845,900,967,859,,,
2846,939,979,966,,,
2847,888,964,855,,,
2848,798,870,821,,,
2849,946,981,968,,,
2850,959,1003,940,,,
2852,922,980,899,,,
2864,1011,1056,1015,,,
2865,939,994,914,,,
2866,982,1017,982,,,
2867,957,1024,970,,,
2868,911,953,928,,,
2869,889,931,934,,,
2870,930,958,931,,,
2871,936,970,944,,,
2873,981,997,1025,,,
2874,982,1022,1019,,,
2875,948,1000,981,,,
2876,983,1025,1018,,,
2877,901,936,923,,,
2878,941,975,947,,,
2879,862,875,905,,,
2880,892,923,900,,,
2898,1028,1013,1019,,,
2899,975,999,995,,,
2900,1065,965,1108,,,
2902,1058,1044,1080,,,
2903,1059,1046,1066,,,
2904,1103,1100,1100,,,
2905,1047,1052,1038,,,
2906,1058,1069,1044,,,
2911,1171,1128,1163,,,
2912,1095,1015,1106,,,
2913,1096,1067,1103,,,
2914,1127,1099,1127,,,
3000,1043,731,1142,,,
3002,1160,992,1204,,,
3003,1101,884,1161,,,
3004,1128,953,1178,,,
3005,1121,922,1162,,,
3006,1117,886,1167,,,
3008,1119,888,1180,,,
3011,1016,896,1072,,,
3012,1011,944,1046,,,
3013,1089,1028,1106,,,
3015,1089,1044,1103,,,
3016,1091,1039,1122,,,
3018,1031,994,1044,,,
3019,874,855,905,,,
3020,901,914,897,,,
3021,870,908,866,,,
3022,911,909,920,,,
3023,984,1022,964,,,
3024,972,1005,951,,,
3025,955,952,960,,,
3026,635,648,683,,,
3027,1090,1084,1078,,,
3028,964,972,955,,,
3029,992,1018,969,,,
3030,1015,1028,1001,,,
3031,1019,896,1083,,,
3032,1052,974,1081,,,
3033,1022,1033,1011,,,
3034,997,1009,986,,,
3036,1064,1078,1044,,,
3037,1000,1043,962,,,
3038,1010,1047,976,,,
3039,1089,1008,1108,,,
3040,1087,1028,1099,,,
3041,1086,1055,1080,,,
3042,1021,1011,1015,,,
3043,972,991,950,,,
3044,1039,1000,1053,,,
3045,1061,1062,1057,,,
3046,969,952,986,,,
3047,821,863,844,,,
3048,840,913,846,,,
3049,988,1022,959,,,
3050,1107,952,1156,,,
3051,1028,818,1119,,,
3052,1098,911,1169,,,
3053,1009,736,1118,,,
3054,1120,960,1173,,,
3055,1052,941,1100,,,
3056,1081,942,1128,,,
3057,1091,947,1140,,,
3058,1037,981,1066,,,
3059,1049,1108,1005,,,
3060,925,931,940,,,
3061,844,925,838,,,
3063,1059,1108,1020,,,
3064,957,1011,938,,,
3065,1022,870,1091,,,
3066,999,844,1076,,,
3067,1114,952,1159,,,
3068,1113,983,1166,,,
3070,1094,998,1132,,,
3071,1057,965,1099,,,
3072,1011,950,1048,,,
3073,960,934,984,,,
3074,888,939,876,,,
3075,906,960,893,,,
3076,966,997,949,,,
3078,1101,1015,1131,,,
3079,1114,1054,1138,,,
3081,942,893,1002,,,
3082,995,1018,974,,,
3083,1015,982,1025,,,
3084,1088,1048,1108,,,
3085,1071,1034,1089,,,
3087,1023,1018,1029,,,
3088,1059,1054,1061,,,
3089,1077,1099,1055,,,
3090,1116,1165,1054,,,
3091,1097,1147,1047,,,
3093,1105,1093,1100,,,
3094,1073,1054,1088,,,
3095,1104,1108,1099,,,
3096,1061,1099,1044,,,
3097,1124,1136,1125,,,
3099,1065,1087,1066,,,
3101,1134,1061,1163,,,
3102,1120,1069,1140,,,
3103,1106,1044,1143,,,
3104,1109,1075,1128,,,
3105,1053,1042,1054,,,
3106,1098,1098,1091,,,
3107,1072,1057,1080,,,
3108,1051,1012,1075,,,
3109,1064,1041,1073,,,
3111,1090,1086,1086,,,
3113,1122,1135,1123,,,
3114,1141,1168,1109,,,
3115,1108,1148,1064,,,
3116,1033,1067,1005,,,
3121,1081,941,1118,,,
3122,1118,975,1166,,,
3123,1127,1015,1168,,,
3124,1137,1073,1159,,,
3125,1050,944,1104,,,
3126,1150,1091,1172,,,
3127,1138,1079,1160,,,
3128,1046,939,1101,,,
3129,1068,1015,1098,,,
3130,1071,1031,1100,,,
3131,1042,1003,1065,,,
3132,1065,1026,1083,,,
3133,1072,1063,1072,,,
3134,1051,1036,1058,,,
3135,1046,1027,1060,,,
3136,1026,1026,1028,,,
3137,1002,1029,981,,,
3138,1014,1043,992,,,
3139,998,1058,967,,,
3140,1006,1036,985,,,
3141,1109,919,1165,,,
3142,1144,1038,1183,,,
3143,1120,1000,1166,,,
3144,1146,1062,1173,,,
3145,1119,1031,1149,,,
3146,1142,1075,1162,,,
3147,1080,1029,1114,,,
3148,1043,971,1078,,,
3149,1081,1037,1100,,,
3150,1076,1045,1090,,,
3151,1036,1005,1050,,,
3152,1054,1054,1047,,,
3153,991,990,993,,,
3154,1028,1059,1010,,,
3155,992,993,993,,,
3156,1028,1050,1010,,,
3158,1052,1062,1057,,,
3159,1063,1085,1072,,,
3160,1052,1068,1065,,,
3161,1123,1029,1162,,,
3162,1112,1053,1138,,,
3163,1078,974,1117,,,
3165,1072,1048,1081,,,
3166,1049,990,1069,,,
3167,1027,1024,1022,,,
3168,1025,863,1096,,,
3169,970,963,968,,,
3170,1041,1036,1034,,,
3171,888,904,887,,,
3172,965,999,940,,,
3173,996,1044,955,,,
3174,909,917,913,,,
3175,895,905,892,,,
3177,844,879,841,,,
3178,1063,1086,1033,,,
3179,1027,1037,1011,,,
3180,1025,1030,1014,,,
3181,1102,945,1150,,,
3182,1084,922,1135,,,
3183,1091,956,1146,,,
3184,1116,983,1162,,,
3185,1106,1014,1148,,,
3186,1144,1084,1166,,,
3187,1123,1083,1139,,,
3188,1106,1057,1134,,,
3189,1048,1012,1065,,,
3190,1070,1024,1099,,,
3191,1129,1078,1152,,,
3192,1054,1022,1065,,,
3193,1136,1103,1143,,,
3194,1065,1013,1087,,,
3195,1080,1063,1083,,,
3196,1029,1005,1038,,,
3197,1041,1034,1038,,,
3198,975,968,987,,,
3199,984,980,999,,,
3200,822,851,844,,,
3201,948,979,926,,,
3202,1065,1065,1059,,,
3204,1092,1032,1115,,,
3205,1079,931,1146,,,
3206,1136,1041,1169,,,
3207,1113,1004,1149,,,
3211,1029,1068,978,,,
3212,1000,1041,970,,,
3213,1013,1063,978,,,
3214,802,846,808,,,
3215,953,960,955,,,
3216,1019,1006,1032,,,
3217,1068,1087,1065,,,
3218,1007,955,1049,,,
3219,910,928,924,,,
3220,1062,1007,1098,,,
3221,1098,1135,1083,,,
3222,991,1023,986,,,
3223,947,968,960,,,
3224,984,1023,963,,,
3225,1065,1026,1111,,,
3226,1040,1039,1055,,,
3227,1087,1072,1114,,,
3228,1083,1073,1094,,,
3230,1045,1024,1079,,,
3231,1062,1041,1119,,,
3232,1034,1016,1058,,,
3233,977,983,1002,,,
3234,1045,1042,1068,,,
3235,1058,1056,1126,,,
3236,965,967,1056,,,
3237,963,997,1006,,,
3238,977,1005,1024,,,
3239,963,993,1007,,,
3240,1065,1112,1041,,,
3241,955,1001,959,,,
3242,1019,1037,1032,,,
3243,1045,1073,1073,,,
3249,986,1040,994,,,
3250,908,954,898,,,
3251,929,1005,925,,,
3254,920,991,910,,,
3260,953,987,968,,,
3264,923,962,926,,,
3265,1013,1057,1016,,,
3266,953,1006,946,,,
3267,990,1058,984,,,
3268,993,1040,993,,,
3269,1022,1042,1056,,,
3270,1019,1012,1051,,,
3271,1035,1032,1091,,,
3272,930,960,956,,,
3273,1036,1073,1106,,,
3274,1034,1065,1101,,,
3275,1004,1085,961,,,
3276,985,1052,984,,,
3277,997,1049,966,,,
3278,1002,1074,974,,,
3279,1003,1068,985,,,
3280,957,963,961,,,
3281,1048,1093,1023,,,
3282,974,1018,965,,,
3283,1022,1067,1016,,,
3284,1007,1004,1047,,,
3285,1010,1048,1016,,,
3286,967,994,992,,,
3287,1007,1064,985,,,
3289,984,1006,1015,,,
3292,992,1003,1005,,,
3293,969,1008,1025,,,
3294,1035,1026,1080,,,
3300,950,964,953,,,
3301,1045,1080,1059,,,
3302,990,1027,998,,,
3303,954,1011,966,,,
3304,911,970,915,,,
3305,921,959,916,,,
3309,955,1005,1029,,,
3310,929,991,924,,,
3311,900,942,911,,,
3312,999,1040,1011,,,
3314,1043,1056,1110,,,
3315,952,985,963,,,
3317,990,1017,1045,,,
3318,958,980,996,,,
3319,959,1004,965,,,
3321,1053,1098,1024,,,
3322,967,1026,978,,,
3323,1022,1027,1090,,,
3324,918,972,952,,,
3325,942,970,999,,,
3328,1012,1072,981,,,
3329,1007,1031,1035,,,
3330,944,997,945,,,
3331,1021,1078,985,,,
3332,982,1048,954,,,
3333,958,999,961,,,
3334,953,997,979,,,
3335,1011,1056,979,,,
3337,928,985,906,,,
3338,936,984,914,,,
3340,985,1019,967,,,
3341,1014,1079,973,,,
3342,981,1012,982,,,
3345,1008,1049,999,,,
3350,992,969,1024,,,
3351,981,1039,961,,,
3352,1009,1057,992,,,
3355,879,889,899,,,
3356,886,914,895,,,
3357,1050,1047,1076,,,
3360,918,965,931,,,
3361,937,975,968,,,
3363,953,974,972,,,
3364,1016,1040,1034,,,
3370,917,957,962,,,
3371,883,954,885,,,
3373,930,970,955,,,
3374,994,1030,1014,,,
3375,1010,1033,1049,,,
3377,915,949,922,,,
3378,1057,1070,1127,,,
3379,973,1003,1021,,,
3380,894,934,895,,,
3381,1003,1009,1047,,,
3384,958,1007,978,,,
3385,984,1029,984,,,
3387,1005,1035,1040,,,
3388,963,979,1016,,,
3390,928,955,950,,,
3391,993,1016,1046,,,
3392,923,965,980,,,
3393,911,945,942,,,
3395,953,985,983,,,
3396,938,966,956,,,
3400,938,942,957,,,
3401,1025,1071,1015,,,
3407,1020,1048,1047,,,
3409,987,1012,1024,,,
3412,915,969,947,,,
3413,1050,1077,1060,,,
3414,916,948,947,,,
3415,1032,1069,1050,,,
3418,954,989,949,,,
3419,975,993,988,,,
3420,1021,1026,1054,,,
3423,849,902,899,,,
3424,953,985,988,,,
3427,984,1027,958,,,
3428,1017,1083,973,,,
3429,1004,1036,976,,,
3430,1017,1083,980,,,
3431,1060,1094,1038,,,
3432,1013,1079,976,,,
3433,1057,1128,999,,,
3434,1018,1064,992,,,
3435,1011,1053,1003,,,
3437,1072,1095,1055,,,
3438,1078,1093,1074,,,
3440,1098,1098,1114,,,
3441,1127,1128,1127,,,
3442,1062,1070,1079,,,
3444,998,1019,1018,,,
3446,997,1033,1010,,,
3447,997,1033,1035,,,
3448,1005,1042,1007,,,
3450,972,946,1039,,,
3451,981,1010,1005,,,
3453,1019,1051,1039,,,
3458,1023,1028,1058,,,
3460,968,959,1034,,,
3461,997,1013,1049,,,
3462,959,991,988,,,
3463,975,990,1016,,,
3464,926,981,905,,,
3465,869,913,890,,,
3467,893,930,926,,,
3468,921,984,947,,,
3469,963,974,1036,,,
3472,851,915,887,,,
3475,892,942,960,,,
3477,979,1013,1005,,,
3478,899,928,915,,,
3480,947,958,960,,,
3482,1007,999,1050,,,
3483,977,972,1015,,,
3485,944,979,966,,,
3487,964,988,1006,,,
3488,966,990,1007,,,
3489,980,1005,1023,,,
3490,938,962,956,,,
3491,983,1009,1027,,,
3494,909,921,893,,,
3496,911,957,907,,,
3498,974,1021,947,,,
3500,906,915,924,,,
3501,1015,1073,995,,,
3505,926,980,917,,,
3506,1049,1083,1076,,,
3507,1016,1045,1061,,,
3509,1006,1027,1011,,,
3512,984,1026,983,,,
3515,997,1052,964,,,
3516,971,1012,974,,,
3517,908,958,921,,,
3518,885,929,930,,,
3520,833,907,936,,,
3521,965,1036,939,,,
3522,993,1038,1014,,,
3523,905,956,921,,,
3525,937,957,959,,,
3527,922,936,957,,,
3529,1006,1014,1058,,,
3530,1006,1014,1058,,,
3531,1004,996,1055,,,
3533,918,950,937,,,
3537,960,977,984,,,
3540,912,940,944,,,
3542,1004,1040,1025,,,
3544,972,990,1019,,,
3546,976,985,1021,,,
3549,893,920,902,,,
3550,956,929,993,,,
3551,1028,1070,1007,,,
3555,926,945,926,,,
3556,888,928,892,,,
3557,982,1048,966,,,
3558,920,965,951,,,
3559,985,1033,1009,,,
3561,941,988,936,,,
3562,1004,1066,931,,,
3563,921,991,903,,,
3564,951,988,942,,,
3565,1013,1052,996,,,
3566,929,992,944,,,
3567,928,975,937,,,
3568,946,985,950,,,
3570,952,1029,949,,,
3571,1001,1029,1046,,,
3572,1004,1030,1041,,,
3573,978,1012,1033,,,
3575,936,963,974,,,
3576,1023,1057,1076,,,
3579,932,964,936,,,
3580,895,961,874,,,
3581,1008,1044,991,,,
3583,965,1021,965,,,
3584,959,996,961,,,
3585,937,945,945,,,
3586,997,1073,961,,,
3588,923,991,879,,,
3589,1002,1045,989,,,
3590,989,1054,961,,,
3591,1024,1042,1046,,,
3594,905,956,911,,,
3595,844,918,851,,,
3596,928,974,912,,,
3597,975,995,977,,,
3599,963,953,978,,,
3607,1022,1044,1043,,,
3608,950,978,958,,,
3610,956,994,969,,,
3612,895,949,924,,,
3614,1016,1053,992,,,
3616,956,988,955,,,
3617,986,1054,990,,,
3618,923,980,908,,,
3620,941,974,939,,,
3621,928,989,903,,,
3622,981,1045,965,,,
3623,921,986,942,,,
3624,922,978,927,,,
3629,895,924,905,,,
3630,904,915,922,,,
3631,1024,1061,1004,,,
3633,988,1039,963,,,
3634,1002,1055,982,,,
3635,948,1022,943,,,
3636,920,964,931,,,
3637,988,1048,978,,,
3638,940,968,947,,,
3639,899,970,926,,,
3640,982,1031,980,,,
3641,929,1005,897,,,
3644,919,960,913,,,
3646,980,1022,1009,,,
3647,1059,1059,1106,,,
3649,935,993,931,,,
3658,946,1011,922,,,
3659,1008,1032,1009,,,
3660,905,931,912,,,
3662,1101,1022,1092,,,
3663,1027,1059,1041,,,
3664,987,1018,978,,,
3665,1006,1036,1011,,,
3666,946,968,978,,,
3669,964,980,1021,,,
3670,964,1025,980,,,
3672,915,934,943,,,
3673,1004,1055,1030,,,
3675,997,1053,1010,,,
3677,932,945,947,,,
3678,1033,1069,1040,,,
3682,986,1042,981,,,
3683,955,1006,934,,,
3685,954,983,964,,,
3687,941,994,911,,,
3688,1005,1056,980,,,
3690,940,955,944,,,
3691,1040,1072,1029,,,
3694,1037,1050,1033,,,
3695,1023,1067,1010,,,
3697,1002,1029,1031,,,
3698,1043,1027,1076,,,
3699,933,899,973,,,
3700,958,979,965,,,
3701,993,1026,1010,,,
3704,987,1040,1003,,,
3705,987,1040,1003,,,
3707,942,958,960,,,
3708,987,1040,1003,,,
3709,995,1008,1060,,,
3711,974,1026,956,,,
3712,948,979,979,,,
3713,903,941,900,,,
3714,961,985,977,,,
3715,996,1030,1034,,,
3717,968,990,990,,,
3718,1027,1038,1054,,,
3719,1003,1052,1045,,,
3720,946,1003,951,,,
3722,983,1004,986,,,
3723,997,1017,1016,,,
3725,994,1026,1020,,,
3726,994,1017,1032,,,
3727,986,1023,980,,,
3728,890,962,882,,,
3730,941,977,935,,,
3732,974,1012,1007,,,
3733,986,1018,1001,,,
3735,995,1030,1021,,,
3737,933,968,929,,,
3738,955,981,983,,,
3739,955,981,983,,,
3740,995,1018,1009,,,
3741,985,968,1018,,,
3744,993,1020,1001,,,
3746,977,1022,991,,,
3747,1013,1010,1065,,,
3749,1037,1048,1051,,,
3750,1019,1058,1006,,,
3751,952,1025,915,,,
3752,1023,1058,993,,,
3753,1023,1093,982,,,
3754,1030,1065,1011,,,
3755,1019,1049,992,,,
3756,988,1047,944,,,
3757,1002,1053,981,,,
3758,1021,1081,971,,,
3759,1083,1115,1068,,,
3760,1070,1104,1046,,,
3761,1066,1093,1063,,,
3762,1059,1114,1012,,,
3763,989,1042,985,,,
3764,984,1022,968,,,
3765,1034,1075,1014,,,
3766,1068,1071,1094,,,
3767,1070,1082,1099,,,
3770,1024,1077,981,,,
3775,1042,1074,1015,,,
3777,984,1018,989,,,
3778,977,1038,960,,,
3779,968,1003,976,,,
3781,997,1048,971,,,
3782,1042,1083,1026,,,
3783,1031,1076,1016,,,
3785,1104,1076,1144,,,
3786,1099,1093,1117,,,
3787,1099,1106,1131,,,
3788,1072,1066,1114,,,
3789,1091,1073,1141,,,
3791,1091,1089,1114,,,
3792,1068,1093,1094,,,
3793,1015,1049,1016,,,
3795,1044,1098,1018,,,
3796,1023,1068,1006,,,
3797,954,1005,942,,,
3799,916,962,935,,,
3802,993,1025,983,,,
3803,942,987,918,,,
3804,1075,1144,1018,,,
3805,994,1042,958,,,
3806,1048,1063,1032,,,
3807,1057,1099,1013,,,
3808,1095,1135,1057,,,
3809,1049,1066,1030,,,
3810,968,1007,946,,,
3812,1024,1086,975,,,
3813,1011,1064,975,,,
3814,1006,1066,962,,,
3815,1001,1061,966,,,
3816,946,1013,926,,,
3818,961,1005,948,,,
3820,979,998,986,,,
3821,1025,1070,1021,,,
3822,1005,1068,984,,,
3823,982,1024,969,,,
3824,978,1007,968,,,
3825,884,911,886,,,
3831,1007,1032,1016,,,
3832,1004,1025,1032,,,
3833,945,994,960,,,
3835,972,996,986,,,
3840,864,893,869,,,
3842,891,899,912,,,
3844,964,977,955,,,
3847,951,1003,933,,,
3850,956,961,968,,,
3851,961,1024,947,,,
3852,1072,993,1182,,,
3854,1009,1061,956,,,
3856,966,1037,900,,,
3857,997,1054,977,,,
3858,934,986,924,,,
3859,994,1039,977,,,
3860,953,991,951,,,
3862,973,1027,960,,,
3864,980,1036,990,,,
3865,946,1013,919,,,
3869,983,1027,968,,,
3870,973,1008,974,,,
3871,983,1011,1004,,,
3873,1001,1040,971,,,
3874,922,983,929,,,
3875,941,974,943,,,
3878,967,1010,970,,,
3880,952,972,971,,,
3882,958,1025,936,,,
3885,943,990,965,,,
3886,947,988,941,,,
3887,904,952,925,,,
3888,902,928,931,,,
3889,935,939,978,,,
3890,850,863,906,,,
3891,1020,977,1064,,,
3892,933,947,979,,,
3893,974,994,1028,,,
3895,972,992,1026,,,
3896,958,969,1009,,,
3898,971,992,994,,,
3900,947,982,981,,,
3902,924,1013,918,,,
3903,948,986,970,,,
3904,993,999,1007,,,
3909,913,947,926,,,
3910,1010,1049,976,,,
3911,1001,1060,963,,,
3912,1002,1052,971,,,
3913,1020,1061,991,,,
3915,907,939,913,,,
3916,1097,1088,1124,,,
3918,1003,1058,968,,,
3919,934,980,921,,,
3920,1096,1018,1087,,,
3921,964,944,1090,,,
3922,952,974,973,,,
3923,974,1008,968,,,
3925,992,1000,1018,,,
3926,1065,1065,1086,,,
3927,1063,1055,1085,,,
3928,1105,1122,1117,,,
3929,1101,1078,1131,,,
3930,1121,1126,1117,,,
3931,1006,1009,1017,,,
3933,1092,1147,1049,,,
3934,1076,1089,1071,,,
3936,991,1006,990,,,
3937,1078,1096,1098,,,
3938,1008,1026,1010,,,
3939,943,980,947,,,
3940,890,925,903,,,
3941,968,997,981,,,
3942,1030,1021,1064,,,
3943,1059,1030,1088,,,
3944,1130,1074,1165,,,
3945,1006,1055,1005,,,
3946,1007,1055,1019,,,
3950,923,964,924,,,
3951,1012,1053,1037,,,
3953,969,1004,966,,,
3954,1039,1083,1031,,,
3956,967,995,986,,,
3957,1010,1051,1030,,,
3958,1034,1075,1042,,,
3959,1014,1023,1040,,,
3960,965,978,991,,,
3962,917,971,927,,,
3964,963,1028,940,,,
3965,899,957,857,,,
3966,948,996,973,,,
3967,951,994,967,,,
3971,917,959,929,,,
3975,1038,1086,998,,,
3976,919,970,888,,,
3977,987,1036,952,,,
3978,1049,1077,1027,,,
3979,1028,1077,1043,,,
3980,982,1052,932,,,
3981,965,1044,913,,,
3984,910,972,903,,,
3987,964,1051,918,,,
3988,976,1038,965,,,
3990,950,1009,941,,,
3991,929,1002,924,,,
3992,956,1002,951,,,
3995,902,940,910,,,
3996,1004,1001,1035,,,
4000,1061,858,1105,,,
4005,1122,977,1159,,,
4006,1076,893,1120,,,
4007,1111,1025,1130,,,
4008,930,959,887,,,
4010,1088,969,1105,,,
4011,1098,1034,1114,,,
4012,1062,994,1079,,,
4013,1037,982,1039,,,
4014,1045,1032,1029,,,
4017,1017,1021,1010,,,
4018,1000,982,1002,,,
4019,938,935,952,,,
4020,972,966,983,,,
4021,914,946,901,,,
4022,935,969,924,,,
4025,996,1012,1024,,,
4029,1062,927,1136,,,
4030,1084,989,1107,,,
4031,1075,1014,1090,,,
4032,1010,951,1031,,,
4034,1020,1006,1015,,,
4035,1092,1108,1066,,,
4036,999,1023,960,,,
4037,1114,1141,1084,,,
4051,1096,1024,1119,,,
4053,1054,1024,1065,,,
4054,1027,1014,1041,,,
4055,1086,1092,1072,,,
4059,1086,931,1151,,,
4060,1136,1090,1144,,,
4061,1114,1095,1125,,,
4064,1137,1019,1166,,,
4065,1148,1100,1154,,,
4066,1117,974,1161,,,
4067,1096,889,1197,,,
4068,1105,985,1151,,,
4069,1143,1122,1155,,,
4070,1110,1116,1111,,,
4073,1110,1103,1116,,,
4074,1083,1076,1083,,,
4075,1086,1047,1106,,,
4076,941,942,943,,,
4077,863,891,871,,,
4078,997,1011,990,,,
4101,1077,923,1134,,,
4102,1048,903,1108,,,
4103,1061,948,1109,,,
4104,1089,1002,1127,,,
4105,1050,987,1084,,,
4106,947,917,967,,,
4107,1029,994,1040,,,
4108,972,922,1001,,,
4109,1014,983,1027,,,
4110,936,954,928,,,
4111,1048,991,1049,,,
4112,1046,1047,1048,,,
4113,1031,1002,1040,,,
4114,800,831,803,,,
4115,1040,1057,1013,,,
4116,1056,1058,1048,,,
4117,987,1039,943,,,
4118,961,1010,917,,,
4119,1036,1040,1029,,,
4120,1069,956,1109,,,
4121,1087,1048,1104,,,
4122,1039,1001,1057,,,
4123,1043,1050,1028,,,
4124,986,1057,927,,,
4125,977,1053,912,,,
4127,970,983,965,,,
4128,1039,1073,1002,,,
4129,985,1029,940,,,
4130,1063,1109,1021,,,
4131,898,923,889,,,
4132,877,936,843,,,
4133,938,983,907,,,
4151,1095,1009,1122,,,
4152,1087,1056,1088,,,
4153,1085,1089,1067,,,
4154,1133,1146,1097,,,
4155,1111,1162,1056,,,
4156,1122,1148,1088,,,
4157,1000,1032,964,,,
4158,983,983,978,,,
4159,1031,1059,995,,,
4160,1065,1079,1045,,,
4161,986,1025,951,,,
4163,1009,1001,1013,,,
4164,1067,1097,1025,,,
4165,1031,1072,987,,,
4169,1085,945,1113,,,
4170,1097,1032,1106,,,
4171,1137,1071,1142,,,
4172,1067,1052,1052,,,
4173,1018,1020,999,,,
4174,994,1029,953,,,
4178,1001,999,997,,,
4179,1042,1037,1037,,,
4183,930,943,968,,,
4184,829,874,884,,,
4205,892,936,882,,,
4207,933,978,911,,,
4208,1026,1075,981,,,
4209,1002,1027,973,,,
4210,1030,1078,992,,,
4211,995,1026,976,,,
4212,1053,1066,1026,,,
4213,1036,1077,1016,,,
4214,1011,1024,1001,,,
4215,947,894,990,,,
4216,994,988,996,,,
4217,1019,962,1037,,,
4218,1032,998,1038,,,
4220,1023,1008,1024,,,
4221,1002,1006,999,,,
4223,1011,1028,1004,,,
4224,991,980,1010,,,
4225,965,920,999,,,
4226,1032,1023,1029,,,
4227,1025,1008,1032,,,
4228,1059,1126,1027,,,
4230,1008,945,1028,,,
4270,1029,1100,976,,,
4271,1014,1031,1042,,,
4272,1039,1050,1070,,,
4275,1011,1053,1009,,,
4280,990,1080,925,,,
4285,948,1016,923,,,
4287,925,1006,957,,,
4300,991,1010,968,,,
4301,916,949,887,,,
4303,800,838,818,,,
4304,898,917,899,,,
4305,924,949,921,,,
4306,1014,1066,985,,,
4307,971,1038,940,,,
4309,959,1030,935,,,
4310,952,1007,937,,,
4311,891,976,878,,,
4312,912,966,932,,,
4313,900,958,906,,,
4340,936,988,927,,,
4341,918,993,899,,,
4342,912,982,889,,,
4343,924,966,906,,,
4344,958,1004,948,,,
4346,953,1005,932,,,
4347,940,1006,917,,,
4350,968,968,973,,,
4352,1038,1084,1008,,,
4353,969,1025,986,,,
4354,919,976,927,,,
4355,912,957,927,,,
4356,967,1018,939,,,
4357,914,981,888,,,
4358,987,1042,965,,,
4359,991,1034,977,,,
4360,989,1037,966,,,
4361,946,994,955,,,
4362,947,998,950,,,
4363,980,1042,941,,,
4364,1014,1023,1010,,,
4365,877,968,899,,,
4370,915,962,912,,,
4371,952,1029,947,,,
4372,944,1059,885,,,
4373,897,953,903,,,
4374,954,1013,963,,,
4375,922,971,954,,,
4376,903,935,914,,,
4377,919,987,906,,,
4378,945,1014,945,,,
4380,920,957,930,,,
4381,932,970,940,,,
4382,988,1014,1020,,,
4383,790,875,786,,,
4384,973,1030,1007,,,
4385,900,946,930,,,
4387,899,959,894,,,
4388,845,936,872,,,
4390,979,1003,962,,,
4400,944,1022,894,,,
4401,902,967,868,,,
4402,854,960,870,,,
4403,992,1026,998,,,
4404,1016,1051,1006,,,
4405,950,979,933,,,
4406,1002,1037,1021,,,
4407,934,994,928,,,
4408,934,1003,945,,,
4410,911,963,919,,,
4411,925,990,912,,,
4412,1010,1042,1010,,,
4413,946,972,935,,,
4415,928,945,936,,,
4416,1017,1048,1004,,,
4417,941,985,958,,,
4418,1002,1039,1017,,,
4419,989,1023,983,,,
4420,971,1024,938,,,
4421,808,893,855,,,
4422,1002,1023,1013,,,
4423,1008,1035,1039,,,
4424,994,1032,1003,,,
4425,983,1020,1019,,,
4426,974,1037,969,,,
4427,937,996,937,,,
4428,972,1034,961,,,
4454,983,1018,976,,,
4455,991,1004,976,,,
4461,1076,1106,1106,,,
4462,953,963,1038,,,
4465,939,982,940,,,
4467,1030,1052,1056,,,
4468,936,998,970,,,
4470,935,951,946,,,
4472,936,969,941,,,
4474,1000,1036,1007,,,
4477,924,984,909,,,
4478,951,982,947,,,
4479,1035,1077,1025,,,
4480,941,960,944,,,
4481,965,990,937,,,
4482,979,936,951,,,
4486,956,977,963,,,
4487,960,980,958,,,
4488,983,1003,986,,,
4489,1063,1065,1087,,,
4490,889,894,957,,,
4491,951,961,1028,,,
4492,972,986,936,,,
4493,955,1000,978,,,
4494,1031,1026,1043,,,
4496,983,1015,983,,,
4497,1003,1041,998,,,
4498,1008,1045,995,,,
4500,1013,1043,982,,,
4501,936,948,925,,,
4502,1001,1024,978,,,
4503,979,998,958,,,
4504,1027,1076,985,,,
4505,979,1044,930,,,
4506,929,987,893,,,
4507,925,959,930,,,
4508,883,932,877,,,
4509,1041,1043,1024,,,
4510,898,947,885,,,
4511,941,1009,909,,,
4512,1016,1091,956,,,
4514,953,1030,920,,,
4515,916,982,889,,,
4516,1004,1088,939,,,
4517,975,1033,947,,,
4518,991,1049,961,,,
4519,958,1012,942,,,
4520,1126,1154,1108,,,
4521,1063,1104,1044,,,
4550,955,1001,943,,,
4551,983,1003,974,,,
4552,997,1007,1040,,,
4553,1017,1074,992,,,
4554,1031,1064,1025,,,
4555,1017,1054,1004,,,
4556,1030,1036,1027,,,
4557,1016,1000,1011,,,
4558,967,947,981,,,
4559,1002,1046,992,,,
4560,962,992,965,,,
4561,1002,1055,981,,,
4562,1039,1080,1034,,,
4563,984,1026,980,,,
4564,997,999,999,,,
4565,961,995,962,,,
4566,1019,1012,1035,,,
4567,1044,1027,1069,,,
4568,976,1021,976,,,
4569,965,999,991,,,
4570,903,961,905,,,
4571,957,988,995,,,
4572,1031,979,1051,,,
4573,1028,1028,1035,,,
4574,943,978,968,,,
4575,1013,1014,1001,,,
4580,850,923,859,,,
4581,923,943,958,,,
4600,877,934,912,,,
4601,910,955,938,,,
4605,813,826,885,,,
4606,888,942,899,,,
4608,937,992,932,,,
4610,926,966,934,,,
4611,948,1023,964,,,
4612,940,1000,957,,,
4613,870,934,917,,,
4614,845,924,861,,,
4615,858,936,878,,,
4620,916,991,951,,,
4621,875,948,893,,,
4625,913,954,916,,,
4626,920,956,904,,,
4627,890,946,918,,,
4630,927,973,944,,,
4650,882,932,882,,,
4655,914,958,923,,,
4659,867,948,860,,,
4660,897,968,893,,,
4662,829,923,823,,,
4670,914,952,911,,,
4671,861,941,866,,,
4673,882,959,873,,,
4674,855,933,875,,,
4676,858,940,849,,,
4677,927,973,912,,,
4678,917,1007,874,,,
4680,972,998,922,,,
4694,896,922,867,,,
4695,906,982,861,,,
4697,891,961,841,,,
4699,935,1017,915,,,
4700,941,937,963,,,
4701,941,964,924,,,
4702,950,1006,916,,,
4703,974,1007,953,,,
4704,967,1054,923,,,
4705,990,1022,958,,,
4706,974,1017,962,,,
4707,871,944,897,,,
4709,1058,1030,978,,,
4710,928,956,912,,,
4711,1033,1109,949,,,
4712,921,955,928,,,
4713,636,545,833,,,
4714,793,864,820,,,
4715,977,1015,921,,,
4716,980,1052,910,,,
4717,962,969,897,,,
4718,964,996,928,,,
4719,961,985,941,,,
4720,1001,1023,943,,,
4721,986,1018,942,,,
4722,998,1047,950,,,
4723,989,1034,941,,,
4724,987,1014,959,,,
4725,981,992,978,,,
4726,904,947,898,,,
4727,1012,1016,1027,,,
4728,983,999,980,,,
4730,982,973,986,,,
4731,941,972,965,,,
4732,994,1028,1011,,,
4733,1040,1049,1062,,,
4735,922,926,939,,,
4736,965,990,937,,,
4737,923,990,862,,,
4738,947,1023,893,,,
4739,913,995,872,,,
4740,968,987,935,,,
4741,969,1032,910,,,
4742,946,1005,877,,,
4743,1013,984,944,,,
4744,1011,993,949,,,
4745,956,960,901,,,
4746,991,982,924,,,
4750,983,1017,946,,,
4751,996,1053,914,,,
4753,1003,1075,916,,,
4754,955,1018,912,,,
4756,897,955,906,,,
4757,887,962,884,,,
4798,909,981,873,,,
4799,903,968,890,,,
4800,957,1008,919,,,
4802,984,978,975,,,
4804,881,942,828,,,
4805,909,948,881,,,
4806,925,975,896,,,
4807,934,973,906,,,
4808,962,1014,914,,,
4809,941,999,920,,,
4810,1007,936,1045,,,
4811,992,1000,974,,,
4812,945,916,978,,,
4814,986,977,989,,,
4815,917,958,902,,,
4816,876,880,902,,,
4817,985,1011,959,,,
4818,990,1028,949,,,
4819,941,924,1001,,,
4820,914,945,914,,,
4821,940,970,931,,,
4822,959,971,940,,,
4823,977,987,962,,,
4824,960,950,930,,,
4825,964,958,936,,,
4828,812,807,860,,,
4829,895,892,888,,,
4830,707,592,848,,,
4849,878,910,883,,,
4850,929,973,906,,,
4852,955,961,970,,,
4854,914,967,876,,,
4855,939,984,915,,,
4856,904,969,887,,,
4858,934,984,914,,,
4859,895,953,853,,,
4860,896,918,899,,,
4861,897,924,899,,,
4865,960,999,948,,,
4868,955,970,948,,,
4869,945,984,924,,,
4870,967,939,996,,,
4871,870,884,892,,,
4872,933,972,933,,,
4873,931,958,941,,,
4874,958,936,912,,,
4875,836,701,953,,,
4876,771,627,886,,,
4877,995,976,1016,,,
4878,993,981,1011,,,
4879,1026,1023,1034,,,
4880,914,949,906,,,
4881,969,980,1010,,,
4882,975,1024,946,,,
4883,930,944,941,,,
4884,1004,1010,1030,,,
4885,959,987,970,,,
4886,917,949,946,,,
4887,884,922,909,,,
4888,851,909,878,,,
4890,845,821,920,,,
4891,919,942,909,,,
4892,713,590,831,,,
4895,859,828,905,,,
5000,1038,814,1152,,,
5006,1096,964,1159,,,
5007,998,916,1051,,,
5008,942,912,975,,,
5009,967,953,980,,,
5010,873,881,903,,,
5011,990,969,999,,,
5012,867,871,898,,,
5013,876,886,896,,,
5014,934,933,946,,,
5015,947,915,974,,,
5016,982,980,986,,,
5017,860,878,877,,,
5018,997,1014,975,,,
5019,973,946,1011,,,
5020,1042,1041,1041,,,
5021,1034,1033,1026,,,
5022,1050,1012,1067,,,
5023,925,918,938,,,
5024,1030,1016,1023,,,
5025,1001,1000,992,,,
5031,998,924,1051,,,
5032,1009,972,1022,,,
5033,966,918,996,,,
5034,1085,1016,1126,,,
5035,1025,947,1074,,,
5037,993,942,1025,,,
5038,986,937,1017,,,
5039,988,944,1029,,,
5040,1010,985,1028,,,
5041,1065,1037,1091,,,
5042,981,941,1025,,,
5043,945,905,995,,,
5044,1046,1010,1065,,,
5045,1044,980,1076,,,
5046,978,939,1012,,,
5047,966,942,1004,,,
5048,1018,994,1051,,,
5049,1053,1042,1069,,,
5050,1071,1055,1106,,,
5051,1088,1083,1107,,,
5052,1100,1085,1134,,,
5061,1107,1046,1140,,,
5062,1098,1059,1131,,,
5063,1076,998,1132,,,
5064,1107,1066,1141,,,
5065,1084,1012,1137,,,
5066,1125,1092,1155,,,
5067,1069,962,1138,,,
5068,1063,992,1118,,,
5069,1085,1016,1132,,,
5070,1013,959,1053,,,
5072,1046,1007,1085,,,
5073,1018,994,1041,,,
5074,966,954,981,,,
5075,1004,998,1008,,,
5076,1045,1057,1040,,,
5081,1089,1023,1133,,,
5082,1049,996,1074,,,
5083,1021,976,1051,,,
5084,849,839,871,,,
5085,975,949,999,,,
5086,970,940,1002,,,
5087,987,941,1026,,,
5088,927,926,931,,,
5089,1050,1066,1039,,,
5090,978,988,971,,,
5091,1024,1040,1020,,,
5092,982,994,971,,,
5093,950,973,945,,,
5094,883,908,867,,,
5095,996,978,1004,,,
5096,946,985,930,,,
5097,988,1008,970,,,
5098,935,967,921,,,
5106,829,876,802,,,
5107,890,950,868,,,
5108,851,906,835,,,
5109,913,960,892,,,
5110,899,968,868,,,
5112,799,839,814,,,
5113,743,792,771,,,
5114,906,956,888,,,
5115,889,921,880,,,
5116,930,956,932,,,
5117,1022,1108,954,,,
5118,969,1004,960,,,
5120,953,1038,930,,,
5121,947,1016,927,,,
5125,1027,1034,1019,,,
5126,1005,1028,984,,,
5127,1012,1018,1010,,,
5131,1068,1114,1048,,,
5132,1082,1093,1074,,,
5133,1074,1112,1047,,,
5134,1050,1055,1073,,,
5136,1056,1073,1086,,,
5137,1090,1094,1093,,,
5138,1104,1101,1124,,,
5139,1060,1078,1076,,,
5140,1109,1115,1126,,,
5141,1093,1107,1107,,,
5142,1048,1069,1048,,,
5144,1094,1105,1102,,,
5150,1099,1111,1115,,,
5151,1092,1102,1094,,,
5152,1120,1105,1150,,,
5153,1072,1095,1077,,,
5154,1127,1121,1153,,,
5155,1073,1063,1113,,,
5156,1087,1078,1123,,,
5157,1062,1098,1053,,,
5158,1030,1052,1018,,,
5159,1034,1052,1025,,,
5160,-,-,974,,,
5161,954,982,934,,,
5162,933,965,924,,,
5163,891,941,887,,,
5164,801,824,839,,,
5165,900,903,926,,,
5166,870,907,872,,,
5167,968,982,969,,,
5168,912,943,917,,,
5169,962,985,957,,,
5170,982,1012,986,,,
5171,1023,1052,1017,,,
5172,1032,1061,1034,,,
5173,935,972,943,,,
5174,956,1003,960,,,
5201,1024,1067,1008,,,
5202,969,1032,944,,,
5203,944,991,962,,,
5204,943,977,959,,,
5210,985,1058,964,,,
5211,937,972,942,,,
5212,955,979,968,,,
5213,992,1023,1007,,,
5214,924,968,937,,,
5220,937,965,952,,,
5221,910,948,966,,,
5222,943,975,946,,,
5223,952,980,963,,,
5231,1051,1099,1032,,,
5232,1063,1093,1059,,,
5233,1027,1052,1026,,,
5234,1031,1064,1027,,,
5235,970,1016,972,,,
5236,945,1011,972,,,
5237,946,1013,963,,,
5238,890,944,896,,,
5240,1052,1062,1067,,,
5241,974,1012,956,,,
5242,1046,1059,1050,,,
5243,1070,1082,1075,,,
5244,1022,1055,1021,,,
5245,1052,1067,1064,,,
5250,1048,1077,1042,,,
5251,991,1002,1002,,,
5252,1005,1041,999,,,
5253,868,916,852,,,
5254,956,1025,940,,,
5255,980,1023,972,,,
5256,912,968,927,,,
5259,933,961,941,,,
5260,848,923,845,,,
5261,1004,1048,1028,,,
5262,1023,1068,1029,,,
5263,1037,1058,1026,,,
5264,912,959,922,,,
5265,950,990,966,,,
5266,1012,1022,1017,,,
5267,992,1027,981,,,
5268,943,989,906,,,
5269,960,1003,993,,,
5270,1029,1088,1010,,,
5271,944,981,916,,,
5272,1011,1037,1010,,,
5273,1046,1063,1046,,,
5275,949,988,935,,,
5276,981,1006,980,,,
5277,923,968,912,,,
5278,913,967,937,,,
5279,884,976,864,,,
5280,908,958,890,,,
5290,898,924,894,,,
5291,992,1057,950,,,
5301,982,1021,1021,,,
5302,981,998,986,,,
5303,1007,1076,1006,,,
5304,942,990,942,,,
5306,985,1014,1033,,,
5307,928,965,962,,,
5308,969,1026,1014,,,
5309,985,1034,1030,,,
5310,965,1027,995,,,
5311,971,1019,972,,,
5320,860,929,869,,,
5321,886,961,859,,,
5322,946,991,928,,,
5330,913,945,921,,,
5331,932,994,919,,,
5332,911,976,893,,,
5333,937,973,938,,,
5340,956,981,937,,,
5341,894,936,880,,,
5342,961,1031,924,,,
5343,890,904,918,,,
5344,932,1007,906,,,
5345,886,931,899,,,
5346,913,981,896,,,
5350,1042,1102,1003,,,
5351,1012,1058,987,,,
5352,1001,1019,996,,,
5353,970,1019,960,,,
5354,870,930,889,,,
5355,964,1009,932,,,
5356,939,1016,890,,,
5357,868,928,908,,,
5360,1020,1068,985,,,
5371,1019,1081,970,,,
5372,958,1044,909,,,
5373,932,983,925,,,
5374,913,969,915,,,
5381,929,984,960,,,
5400,993,1063,952,,,
5401,909,965,917,,,
5410,940,985,932,,,
5411,939,1009,947,,,
5412,931,966,978,,,
5413,932,976,933,,,
5414,996,1005,980,,,
5415,1042,1065,1066,,,
5416,954,1011,956,,,
5417,948,965,978,,,
5418,956,965,1003,,,
5419,996,975,1060,,,
5420,894,974,923,,,
5421,894,974,923,,,
5422,813,870,859,,,
5431,977,1005,1005,,,
5432,1024,1044,1056,,,
5433,905,950,921,,,
5434,982,979,1008,,,
5440,1007,1002,1039,,,
5451,994,1026,990,,,
5452,1039,1071,1032,,,
5453,986,1010,980,,,
5454,951,990,969,,,
5455,1058,1051,1070,,,
5460,939,1011,929,,,
5461,922,968,911,,,
5462,956,1026,945,,,
5464,957,1007,974,,,
5470,947,984,991,,,
5471,947,984,991,,,
5472,951,959,1010,,,
5473,883,935,906,,,
5480,974,986,987,,,
5481,970,1000,1004,,,
5482,979,1011,988,,,
5483,1008,1027,1037,,,
5485,959,982,958,,,
5490,1008,989,1051,,,
5491,981,1009,986,,,
5493,916,973,977,,,
5495,917,969,935,,,
5501,944,1035,895,,,
5502,960,1033,915,,,
5510,962,1010,977,,,
5520,870,941,886,,,
5521,936,965,986,,,
5522,922,953,944,,,
5523,962,979,973,,,
5540,862,900,869,,,
5550,873,942,863,,,
5552,940,1008,949,,,
5554,908,959,899,,,
5555,968,1013,973,,,
5556,873,928,879,,,
5558,912,968,914,,,
5560,910,970,918,,,
5570,938,995,960,,,
5571,907,957,914,,,
5572,1033,1065,1081,,,
5573,928,964,941,,,
5575,947,984,951,,,
5576,921,970,936,,,
5577,931,984,949,,,
5580,994,1024,987,,,
5581,936,967,931,,,
5582,915,961,922,,,
5583,901,958,928,,,
5600,966,969,957,,,
5601,914,977,897,,,
5602,945,992,928,,,
5603,964,1017,971,,,
5604,912,966,910,,,
5605,944,965,955,,,
5606,925,944,919,,,
5607,991,1037,979,,,
5608,811,821,832,,,
5609,990,1000,959,,,
5630,1005,1044,989,,,
5631,990,1002,980,,,
5632,1058,1087,1087,,,
5633,992,1021,1009,,,
5640,971,1003,972,,,
5641,1002,1028,994,,,
5642,1049,1098,1048,,,
5650,1039,1072,1039,,,
5651,1018,1051,1014,,,
5652,967,988,957,,,
5653,981,999,999,,,
5654,981,1000,998,,,
5655,1007,1031,997,,,
5660,1007,1031,997,,,
5661,1007,1032,999,,,
5670,952,981,988,,,
5671,983,1015,969,,,
5680,966,994,953,,,
5690,921,922,948,,,
5700,864,877,876,,,
5710,956,1011,906,,,
5713,992,982,985,,,
5715,1022,1015,989,,,
5717,966,962,970,,,
5719,945,945,957,,,
5720,1000,953,1006,,,
5722,856,900,855,,,
5723,893,897,940,,,
5724,803,737,913,,,
5725,1014,1001,952,,,
5730,955,953,984,,,
5731,919,898,927,,,
5732,801,776,854,,,
5733,899,902,925,,,
5734,756,708,901,,,
6000,1080,918,1118,,,
6003,1068,930,1109,,,
6004,1091,932,1129,,,
6005,1081,919,1130,,,
6006,1099,1041,1115,,,
6007,1126,1030,1152,,,
6008,1126,1023,1174,,,
6009,1150,1073,1184,,,
6010,1137,1074,1171,,,
6011,1166,1098,1192,,,
6012,1114,1056,1145,,,
6014,1129,1080,1142,,,
6015,1168,1146,1172,,,
6016,1081,1023,1100,,,
6017,992,922,1018,,,
6018,1093,1058,1099,,,
6019,1101,1039,1116,,,
6020,1117,1110,1109,,,
6021,1035,1039,1019,,,
6022,1045,1059,1035,,,
6023,1111,1119,1096,,,
6024,1051,1065,1030,,,
6025,1073,1086,1050,,,
6026,1079,1104,1043,,,
6027,1058,1072,1028,,,
6028,1096,1140,1042,,,
6029,1135,1115,1126,,,
6030,1007,1049,970,,,
6031,1031,1082,986,,,
6032,1046,1087,1010,,,
6033,1053,1122,990,,,
6034,1044,1098,984,,,
6035,988,1050,940,,,
6036,1006,1043,973,,,
6037,970,1046,912,,,
6038,1046,1077,1009,,,
6041,944,1043,880,,,
6042,914,957,953,,,
6043,951,1008,917,,,
6044,943,992,911,,,
6050,1106,1047,1124,,,
6051,1039,954,1074,,,
6052,1071,1025,1091,,,
6053,1047,1020,1063,,,
6054,984,985,987,,,
6055,1043,1085,1004,,,
6056,963,994,934,,,
6057,1000,1050,934,,,
6058,970,1015,918,,,
6059,1035,1030,1034,,,
6060,1030,970,1052,,,
6061,921,918,934,,,
6062,1002,1012,981,,,
6063,960,1020,913,,,
6064,923,980,889,,,
6065,1050,1100,996,,,
6066,982,1039,936,,,
6067,983,1066,952,,,
6069,1023,1073,974,,,
6070,1116,1119,1129,,,
6071,1079,1106,1062,,,
6072,1078,1118,1035,,,
6073,1032,1057,1016,,,
6074,1035,1079,1005,,,
6076,1070,1089,1050,,,
6077,1050,1112,978,,,
6078,1051,1141,983,,,
6079,1068,1141,1008,,,
6081,1056,1113,1014,,,
6082,1028,1094,982,,,
6083,1057,1122,1008,,,
6084,1023,1109,944,,,
6100,1062,975,1082,,,
6101,1039,973,1066,,,
6102,961,874,1013,,,
6103,1008,940,1031,,,
6104,994,978,986,,,
6105,966,959,956,,,
6107,992,989,978,,,
6108,983,1024,940,,,
6109,915,961,880,,,
6110,970,1017,930,,,
6111,975,1017,943,,,
6112,990,1034,950,,,
6121,1062,1164,966,,,
6122,1020,1097,943,,,
6123,975,1067,891,,,
6124,1018,1079,970,,,
6125,1020,1097,956,,,
6126,1002,1031,999,,,
6147,971,983,953,,,
6148,1058,1036,1061,,,
6149,1098,1094,1084,,,
6150,1095,1078,1086,,,
6151,1110,1031,1137,,,
6152,1076,1009,1109,,,
6153,1119,1073,1129,,,
6154,1091,1064,1097,,,
6155,1072,1087,1040,,,
6156,1073,1051,1083,,,
6157,1065,1024,1089,,,
6158,1119,1079,1137,,,
6159,1113,1031,1161,,,
6160,1054,967,1110,,,
6161,1033,819,1078,,,
6162,1043,1003,1077,,,
6163,1006,1004,1002,,,
6164,1053,1082,1011,,,
6165,991,1072,913,,,
6166,1049,1092,993,,,
6167,937,984,903,,,
6168,918,954,893,,,
6169,964,1008,927,,,
6170,1006,1045,967,,,
6171,1029,1078,973,,,
6172,980,1047,926,,,
6173,1060,1120,994,,,
6174,996,1038,953,,,
6175,1027,1083,975,,,
6176,1024,1100,965,,,
6180,991,1050,940,,,
6181,1072,1164,988,,,
6207,1014,1099,950,,,
6208,937,1016,889,,,
6209,923,1004,866,,,
6210,952,998,925,,,
6211,988,1049,946,,,
6213,951,1016,918,,,
6214,979,1055,934,,,
6215,930,1008,886,,,
6218,909,971,874,,,
6220,938,1002,886,,,
6221,1016,1059,977,,,
6223,1015,1057,977,,,
6224,923,995,869,,,
6225,903,971,853,,,
6226,1059,1141,991,,,
6227,1008,1060,963,,,
6228,989,1028,976,,,
6229,959,1009,930,,,
6230,961,991,941,,,
6232,968,1041,900,,,
6233,996,1057,935,,,
6236,1032,1087,991,,,
6237,1023,1091,972,,,
6239,978,1031,945,,,
6240,1042,1069,1029,,,
6243,1000,1050,1001,,,
6244,969,1017,979,,,
6251,972,1025,966,,,
6252,962,1014,960,,,
6253,984,999,1021,,,
6254,880,950,900,,,
6255,966,1011,960,,,
6256,1009,1071,1007,,,
6258,937,980,912,,,
6260,966,1003,966,,,
6262,946,980,983,,,
6271,966,1030,941,,,
6275,953,988,989,,,
6280,974,1023,945,,,
6281,1052,1088,1034,,,
6282,1074,1103,1063,,,
6284,1035,1080,1012,,,
6285,1010,1037,1012,,,
6286,1031,1047,1026,,,
6288,982,1013,989,,,
6290,936,978,934,,,
6302,952,994,958,,,
6304,946,998,952,,,
6306,944,973,954,,,
6308,935,980,939,,,
6309,981,1031,991,,,
6311,991,1041,986,,,
6312,943,970,955,,,
6313,1007,1057,1001,,,
6315,935,977,933,,,
6316,1005,1030,1032,,,
6317,909,952,879,,,
6318,973,1008,989,,,
6320,930,959,994,,,
6321,936,982,958,,,
6322,1005,1055,1034,,,
6323,915,991,907,,,
6324,938,974,944,,,
6326,978,1059,968,,,
6327,985,1058,984,,,
6328,997,1010,1020,,,
6330,967,1002,959,,,
6333,988,1005,1022,,,
6335,966,980,956,,,
6336,983,1021,998,,,
6337,1020,1056,1015,,,
6338,1040,1056,1070,,,
6341,1037,1072,1030,,,
6343,1057,1075,1084,,,
6346,980,1005,960,,,
6348,974,978,971,,,
6350,933,959,962,,,
6351,1046,1061,1086,,,
6352,1046,1061,1086,,,
6353,1006,1006,1009,,,
6355,1030,1053,1040,,,
6356,1071,1069,1067,,,
6357,1077,1091,1087,,,
6358,1069,1095,1087,,,
6359,990,1014,987,,,
6361,1073,1105,1078,,,
6363,1078,1105,1094,,,
6365,996,1021,1004,,,
6367,945,950,992,,,
6368,1073,1103,1077,,,
6369,983,1006,959,,,
6370,948,986,947,,,
6372,1019,1057,1034,,,
6373,1071,1125,1080,,,
6375,952,983,959,,,
6383,926,965,936,,,
6384,1007,1039,1035,,,
6385,991,1037,1011,,,
6386,991,1037,1011,,,
6390,975,1025,929,,,
6391,1021,1057,1026,,,
6392,966,972,984,,,
6393,1020,1028,1059,,,
6394,1027,1067,1047,,,
6395,982,1002,999,,,
6396,1000,1010,993,,,
6397,965,996,991,,,
6398,965,967,970,,,
6401,926,964,919,,,
6403,964,1009,932,,,
6405,965,1027,934,,,
6407,988,992,966,,,
6409,947,981,946,,,
6410,886,950,906,,,
6411,1055,1115,1070,,,
6412,1055,1115,1070,,,
6413,1026,1047,1040,,,
6414,1026,1047,1040,,,
6415,943,967,923,,,
6418,953,968,972,,,
6419,991,1037,1011,,,
6420,1059,1102,1051,,,
6421,1036,1069,1050,,,
6422,1006,1056,997,,,
6423,1006,1056,997,,,
6424,1030,1065,1039,,,
6425,1030,1072,1037,,,
6426,916,961,896,,,
6428,991,1037,1011,,,
6429,857,876,873,,,
6430,1013,1030,961,,,
6431,750,646,879,,,
6432,923,968,864,,,
6434,930,973,924,,,
6436,848,797,914,,,
6437,981,975,905,,,
6438,886,867,920,,,
6440,770,722,914,,,
6442,924,962,864,,,
6443,879,891,916,,,
6445,1021,1044,1061,,,
6446,1075,1097,1059,,,
6447,1076,1096,1061,,,
6448,1001,1054,960,,,
6450,971,1009,939,,,
6460,938,956,946,,,
6461,963,988,989,,,
6462,1037,1057,1065,,,
6463,1024,1000,1024,,,
6465,1037,1057,1065,,,
6466,1007,1016,1030,,,
6467,1007,1016,1030,,,
6468,1010,1031,1034,,,
6470,1039,1098,1020,,,
6472,1032,1057,1052,,,
6473,1044,1084,1039,,,
6475,931,989,935,,,
6476,985,1001,1046,,,
6477,985,1001,1046,,,
6479,996,1031,980,,,
6480,1034,1056,1067,,,
6485,902,914,912,,,
6487,923,966,980,,,
6488,923,966,980,,,
6489,923,966,980,,,
6490,944,968,962,,,
6501,1006,1108,922,,,
6502,969,1033,941,,,
6503,978,1042,941,,,
6504,1005,1063,994,,,
6505,1005,1063,994,,,
6506,1037,1038,1048,,,
6507,1028,1043,1019,,,
6509,1037,1038,1048,,,
6510,941,971,920,,,
6511,948,1008,878,,,
6512,1050,1082,1074,,,
6513,1020,1061,1007,,,
6514,885,952,844,,,
6515,1001,1019,1011,,,
6516,969,1022,925,,,
6517,979,994,973,,,
6518,983,1006,1009,,,
6519,972,1000,973,,,
6521,1035,1080,1022,,,
6522,992,1022,976,,,
6525,956,999,929,,,
6528,971,1045,929,,,
6530,947,976,925,,,
6532,1018,1076,963,,,
6535,930,982,918,,,
6536,936,976,918,,,
6537,954,942,965,,,
6556,1010,1081,959,,,
6558,1013,1070,986,,,
6560,922,985,876,,,
6562,967,1045,910,,,
6564,939,1026,909,,,
6566,968,1015,949,,,
6567,976,1050,969,,,
6568,969,1008,967,,,
6569,964,994,963,,,
6571,965,993,964,,,
6572,1037,1038,1048,,,
6574,1082,1104,1078,,,
6575,1050,1082,1074,,,
6603,955,968,959,,,
6605,1007,1016,1030,,,
6606,1007,1016,1030,,,
6608,1034,1031,1068,,,
6609,1013,1020,969,,,
6612,988,1022,1000,,,
6613,1007,1049,1002,,,
6614,1062,1079,1088,,,
6616,1062,1079,1088,,,
6620,977,1001,959,,,
6623,939,953,966,,,
6625,1034,1029,1084,,,
6627,1034,1029,1084,,,
6628,1025,1041,1062,,,
6630,889,886,963,,,
6631,1017,1032,1046,,,
6632,1025,1041,1062,,,
6635,916,921,966,,,
6638,870,877,915,,,
6639,935,994,929,,,
6640,903,872,982,,,
6642,862,834,975,,,
6646,770,691,900,,,
6701,942,946,946,,,
6705,737,702,894,,,
6707,1008,1011,981,,,
6710,970,950,933,,,
6713,1094,1093,995,,,
6714,1051,1018,982,,,
6716,999,980,912,,,
6718,825,786,856,,,
6720,989,972,916,,,
6721,1081,1023,1030,,,
6722,994,973,934,,,
6725,960,905,984,,,
6726,1017,990,1023,,,
6728,803,750,878,,,
6740,769,712,900,,,
6743,965,920,992,,,
6751,1022,991,947,,,
6753,993,957,948,,,
6754,1017,997,930,,,
6758,805,781,907,,,
6760,773,740,876,,,
6762,671,483,941,,,
6765,771,679,902,,,
6770,717,637,868,,,
6798,984,978,932,,,
6799,890,963,783,,,
7000,1046,948,1111,,,
7004,1069,968,1145,,,
7005,1079,990,1137,,,
7007,1078,1026,1129,,,
7008,1016,967,1065,,,
7009,907,903,934,,,
7010,867,887,885,,,
7011,886,922,875,,,
7012,981,1022,969,,,
7015,1015,1007,1030,,,
7016,819,882,812,,,
7017,998,1053,960,,,
7018,989,982,1006,,,
7019,828,863,844,,,
7020,1055,1103,1048,,,
7021,1022,1043,1025,,,
7022,997,1019,991,,,
7023,1008,1004,1067,,,
7024,1056,1069,1060,,,
7025,1026,1048,1028,,,
7026,950,1020,934,,,
7027,840,948,874,,,
7030,844,915,835,,,
7050,996,982,1026,,,
7052,1032,1025,1049,,,
7053,1089,1057,1148,,,
7054,1034,1055,1044,,,
7055,962,995,933,,,
7109,956,996,960,,,
7112,935,955,982,,,
7113,966,986,972,,,
7116,908,962,925,,,
7117,900,949,899,,,
7119,858,950,898,,,
7120,885,958,911,,,
7140,869,940,858,,,
7150,1002,1022,1033,,,
7155,1031,1046,1072,,,
7162,1049,1052,1066,,,
7163,994,1009,1042,,,
7170,1070,1109,1050,,,
7171,953,987,944,,,
7172,925,984,897,,,
7173,927,979,931,,,
7174,977,1030,993,,,
7175,953,1007,963,,,
7176,977,1030,993,,,
7177,916,975,929,,,
7178,934,994,986,,,
7179,975,998,981,,,
7180,922,969,970,,,
7182,878,927,918,,,
7183,952,1000,1077,,,
7184,868,934,922,,,
7185,901,960,934,,,
7186,901,960,934,,,
7187,922,969,970,,,
7190,909,954,927,,,
7209,931,963,965,,,
7210,866,920,870,,,
7211,925,986,915,,,
7212,966,1003,977,,,
7213,831,877,842,,,
7214,813,899,831,,,
7215,914,950,944,,,
7216,882,920,909,,,
7248,846,846,869,,,
7249,933,931,947,,,
7250,964,959,980,,,
7252,988,1033,972,,,
7253,811,858,810,,,
7254,924,1000,922,,,
7255,979,973,1020,,,
7256,964,983,951,,,
7257,722,552,807,,,
7258,1047,1091,1019,,,
7259,933,997,928,,,
7260,891,945,871,,,
7261,874,948,872,,,
7262,927,970,923,,,
7263,906,956,939,,,
7264,844,908,852,,,
7265,909,937,959,,,
7267,975,1032,948,,,
7268,971,1002,956,,,
7270,886,948,887,,,
7275,960,1000,960,,,
7276,941,974,975,,,
7277,1010,1044,989,,,
7290,945,990,912,,,
7291,986,1026,963,,,
7292,996,1035,996,,,
7300,956,1013,915,,,
7301,924,961,917,,,
7302,926,978,909,,,
7303,940,982,942,,,
7304,924,963,948,,,
7305,870,960,851,,,
7306,923,979,928,,,
7307,938,976,924,,,
7310,893,927,903,,,
7315,913,951,909,,,
7316,954,993,943,,,
7320,888,906,897,,,
7321,938,996,916,,,
7322,893,935,887,,,
7325,909,953,912,,,
7330,910,969,884,,,
7331,951,983,944,,,
7466,913,996,852,,,
7467,835,860,842,,,
7468,937,964,917,,,
7469,821,867,825,,,
7470,881,893,883,,,
,,,,,,
© Commonwealth of Australia 2018,,,,,,
